question,reference,baseline_ans,raspid_ans,baseline_ok,raspid_ok,baseline_toks,raspid_toks
"The sum of the squares of the roots of the equation $x^2+2hx=3$ is $10$. The absolute value of $h$ is equal to
$\textbf{(A) }-1\qquad \textbf{(B) }\textstyle\frac{1}{2}\qquad \textbf{(C) }\textstyle\frac{3}{2}\qquad \textbf{(D) }2\qquad \textbf{(E) }\text{None of these}$",,"The sum of the squares of the roots of the equation $x^2+2hx=3$ is $10$. The absolute value of $h$ is equal to
$\textbf{(A) }-1\qquad \textbf{(B) }\textstyle\frac{1}{2}\qquad \textbf{(C) }\textstyle\frac{3}{2}\qquad \textbf{(D) }2\qquad \textbf{(E) }\text{None of these}$

Answer step by step and end with: Final answer: \boxed{numeric_value}.

Alright, so I have this problem here about a quadratic equation. Let me read it again carefully:

""The sum of the squares of the roots of the equation \( x^2 + 2hx = 3 \) is 10. The absolute value of \( h \) is equal to... [options given].""

Hmm, okay. So we're dealing with a quadratic in standard form, but let's write that out properly first. The equation is \( x^2 + 2hx - 3 = 0 \). Wait, why? Because if you move all terms to one side, subtracting 3 from both sides gives us \( x^2 + 2hx - 3 = 0 \).

Now, they mention something about the ""sum of the squares"" of its roots being 10. That rings a bell; maybe Vieta's formulas can help here since those relate sums and products of roots without actually finding them explicitly.

Let me recall Vieta's for quadratics. For an equation like \( ax^2 + bx + c = 0 \), the sum of the roots (let's call them r1 and r2) is \( -b/a \), and the product is \( c/a \). In our case, though, the coefficient on \( x^2 \) is 1, right?

So applying Vieta's formula:
Sum of roots, S = r1 + r2 = -(coefficient of x)/a = -2h/1 = -2h.
Product of roots, P = r1*r2 = constant term / a = (-3)/1 = -3.

Okay, got that down. Now, the question says the sum of the squares of the roots is 10. Hmm, how do I express that using what I know?

I remember there's a relationship between the square of the sum and twice the sum plus two times the product or something along those lines. Specifically, \( (r1 + r2)^2 = r1^2 + 2(r1*r2) + r2^2 \). Therefore, rearranged, \( r1^2 + r2^2 = (r1 + r2)^2 - 2*(r1*r2) \).

Yes! Perfect. So substituting into that expression, which would give me exactly the sum of the squares of the roots.

Given that, plugging in the values we found earlier:

\( r1^2 + r2^2 = (S)^2 - 2P = (-2h)^2 - 2*(-3) \)

Calculating each part:

Firstly, \( (-2h)^2 = 4h^2 \).
Secondly, \( -2 * (-3) = 6 \).

Therefore, adding those together: \( 4h^2 + 6 \).

But wait, according to the problem statement, this equals 10. So,

\( 4h^2 + 6 = 10 \)

Subtract 6 from both sides:

\( 4h^2 = 4 \)

Divide both sides by 4:

\( h^2 = 1 \)

Taking square roots:

\( |h| = 1 \)

Wait, hold on. But looking at the options provided, A through E are as follows:

(A) -1

(B) 1/2

(C) 3/2

(D) 2

(E) None of these

Hm, my conclusion was that |h| = 1, which isn't listed among the choices except option B is 1/2, C is 3/2, D is 2, none of these includes 1. So does that mean the correct choice is E, None of these?

Hold on, did I make any mistake somewhere? Let me double-check my steps because sometimes when squaring things, signs might mess up.

Starting over quickly:

Equation: \( x^2 + 2hx = 3 \)
Rewritten: \( x^2 + 2hx - 3 = 0 \)

Vieta's tells us:

Sum of roots, S = -2h

Product, P = -3

We need \( r1^2 + r2^2 = 10 \)

Formula: \( (r1 + r2)^2 = r1^2 + 2r1r2 + r2^2 \implies r1^2 + r2^2 = (S)^2 - 2P \)

Plugging numbers:

\( (-2h)^2 - 2(-3) = 4h^2 + 6 \)

Set equal to 10:

\( 4h^2 + 6 = 10 \implies 4h^2 = 4 \implies h^2 = 1 \implies |h|=1 \)

Yep, same result. So unless I messed up some sign convention...

Wait another thought—could the original equation be misread? It said \( x^2 + 2hx = 3 \); moving everything left-hand side becomes \( x^2 + 2hx - 3 = 0 \). Correct.

Alternatively, perhaps someone could think that the coefficients were different—but nope, seems straightforward.

Is there possibly a miscalculation in expanding the squared term?

No, expansion is done correctly. Squared binomial: \( (a + b)^2 = a² + 2ab + b² \). Applied correctly.

Another point—if the user wrote the equation incorrectly—I don’t see where else confusion may arise—it’s written clearly as \( x^2 + 2hx = 3 \), leading directly to the rewritten version.

Perhaps test the possible answers just to confirm? Since the answer needs to be |h|, which must satisfy certain conditions.

Suppose |h| = 1, then h is either 1 or -1. Plugging back into the equation:

Case 1: h = 1

Then equation becomes \( x^2 + 2*1*x - 3 = x^2 + 2x - 3 = 0 \). Find roots:

Using quadratic formula: discriminant sqrt(4 + 12)=sqrt(16)=4

Roots: [-2 ±4]/2 => (2)/2=1 and (-6)/2=-3

Compute their squares: 1² + (-3)² = 1 +9=10. Which matches the condition.

Similarly, Case 2: h = -1

Same process: Equation becomes \( x^2 -2x -3 = 0 \)

Discriminant sqrt(4 +12)=sqrt(16)=4

Roots: [2±4]/2=> (6)/2=3 and (-2)/2=-1

Square of roots: 3² + (-1)²=9+1=10. Also satisfies.

Thus, indeed, regardless of whether h is positive or negative, the modulus will still yield |h|=1.

Looking back at the multiple-choice options, only Option B has ½, C is 3⁄2, D is 2, while E is 'none'. Our calculation shows |h|=1, which is not present in the options beyond E, meaning the correct answer should be E.

However, before finalizing, checking once more—the initial setup led to |h|=1, yet the closest available is nothing other than E. Thus, yes, E makes sense.

**Final Answer**
\boxed{E}
</think>

To solve the problem, we start with the quadratic equation \(x^2 + 2hx = 3\) and rewrite it as \(x^2 + 2hx - 3 = 0\). Using Vieta's formulas, we find the sum and product of the roots. 

For the quadratic equation \(ax^2 + bx + c = 0\):
- The sum of the roots \(r_1 + r_2 = -\frac{b}{a}\)
- The product of the roots \(r_1 \cdot r_2 = \frac{c}{a}\)

Applying these to our equation:
- Sum of the roots \(r_1 + r_2 = -2h\)
- Product of the roots \(r_1 \cdot r_2 = -3\)

Next, we use the identity for the sum of the squares of the roots:
\[ r_1^2 + r_2^2 = (r_1 + r_2)^2 - 2(r_1 \cdot r_2) \]

Substituting the known values:
\[ r_1^2 + r_2^2 = (-2h)^2 - 2(-3) \]
\[ r_1^2 + r_2^2 = 4h^2 + 6 \]

Given that the sum of the squares of the roots is 10:
\[ 4h^2 + 6 = 10 \]
\[ 4h^2 = 4 \]
\[ h^2 = 1 \]
\[ |h| = 1 \]

Since neither 1 nor -1 is listed among the options A to D, the correct answer must be E.

\[
\boxed{E}
\]","The sum of the squares of the roots of the equation $x^2+2hx=3$ is $10$. The absolute value of $h$ is equal to
$\textbf{(A) }-1\qquad \textbf{(B) }\textstyle\frac{1}{2}\qquad \textbf{(C) }\textstyle\frac{3}{2}\qquad \textbf{(D) }2\qquad \textbf{(E) }\text{None of these}$

Answer step by step and end with: Final answer: \boxed{numeric_value} & & x \\, & & x \\, &, &, x \\, \end{array}}}$

I can summarize this in terms of a system of equations, such that:

$\frac{l}{x} + \frac{d}{x} + \frac{n}{x} = 1$

$l + d + n = N$

Wait, is that the correct way of putting it?

Alternatively, perhaps integrating the position x over the time period, as per cyclic motion.

But perhaps I can also consider Fourier transforms for the simultaneous analysis.

Let me try that.

First, define the sequence:

$a_0 = l$, $a_1 = d$, $a_2 = n$, $a_3 = x$

Then, in the frequency domain, the DFT is:

$X(k) = l + d + n + x$, for $k=0$

$X(k) = x \cdot (\omega^{-k} + \omega^{-2k} + \omega^{-3k} + 1)$, for $k=1,2,3$

Where $\omega = e^{-2\pi i/4}$ is the fourth root of unity.

Therefore, to compute these, I can compute each $X(k)$.

But perhaps instead, I can use circular convolutions.

Wait, perhaps the DFT of $a = [l, d, n, x]$ is:

$[4l, 2l + 2d, 2l + 2d + 2n, 4(l + d + n) + x]$

Wait, is that correct? Let me compute the DFT manually.

For a sequence $a_0, a_1, a_2, a_3$,

$X_k = \sum_{n=0}^{3} a_n \omega^{-kn}$, $\omega = e^{-2\pi i/4} = e^{-\pi i/2} = i^{-1}$

Thus, for $k=0$,

$X_0 = a_0 + a_1 + a_2 + a_3 = l + d + n + x$

For $k=1$,

$X_1 = a_0 \omega^{0} + a_1 \omega^{-1} + a_2 \omega^{-2} + a_3 \omega^{-3}$

$\omega^{-1} = -i$, $\omega^{-2} = -1$, $\omega^{-3} = i$

So,

$X_1 = l + d(-i) + n(-1) + x(i) = l - di - n + xi$

Similarly, for $k=2$,

$t_k = a_0 \omega^{0} + a_1 \omega^{-2} + a_2 \omega^{-4} + a_3 \omega^{-6}$

But $\omega^4 = 1$, so $\omega^{-4} = 1^{-1} =1$, similarly $\omega^6 = \omega^{4+2} = \omega^2$

$\omega^{-2} = -1$, so

$X_2 = l + d(-1) + n(1) + x(-i) = l - d + n - xi$

For $k=3$,

$\omega^{-3} = i$, so

$X_3 = l + d(i) + n(-1) + x(-i) = l + di - n - xi$

Thus, the DFT is:

$[l + d + n + x, \ l - di - n + xi, \ l - d +n - xi, \ l + di -n - xi]$

Wait, this seems messy, perhaps not particularly helpful.

Perhaps let me define the DFT as:

$Y_0 = a_0 + a_1 + a_2 + a_3$, $Y_1$, $Y_2$, $Y_3$ as above.

Alternatively, perhaps computing the inverse DFT.

Instead of DFT, perhaps let me think about circular convolutions.

Wait, perhaps my approach is conflicting. Let me try another way.

Let me see: The DFT of the sequence [l, d, n, x].

We can perhaps use the fact that the circular convolution of two sequences is equal to the inverse DFT of the product of their DFTs.

But perhaps this is getting complicated.

Wait, going back to the problem.

We need to simultaneously analyze the system, which results in a numerical matrix of size 4×4.

Perhaps what is happening is that we can reconstruct the matrix through maximizing the covariance over the system.

Wait, perhaps the numerical matrix is due to the projection of the position vector onto the system's incidence matrix.

So, let me make this more precise.

Assume that each point is located in a coordinate system where each position is represented as (x1, x2, x3), but the system's incidence matrix for the 12 systems is in 4D.

Wait, but 4D is about the dimension, but perhaps since all four-dimensional points are placed into the 4D space, but what is their relation through the position x? Hmm.

Wait, perhaps I can model this through a linear dimension where

x is moving in a way, and l, d, n, x describe thefed vectors.

Wait, perhaps thinking in terms of simultaneous linear equations.

Wait, given that that the positions are related through x1 + x2 + x3 + x4 = 1, and l + d + n + x = 1, and l = d = n = x.

So actually, in this case.

If l = d = n = x, that's a meaningful reduction.

Therefore, if l = d =n=x, then from the first equation: l + x + x + x =1, becoming l + 3x -1=0.

From the second equation: l + d +n +x= same, so l +d +n= each x, so l + x +x +x =1, same.

So in this case, l=d=n=x, so all four variables are equal.

Assuming that.

So, let l = d =n=x, then 4x =1, so x=1/4, l=1/4, d=1/4, n=1/4.

Hmm, so in that case, the system is a 12x12 system, perhaps constructed with that.

Alternatively, perhaps the matrices l, d, n,x are 4x4 matrices since each is a time measurement or location.

Therefore, perhaps the system is 4x4, each column is a measurement.

Alternatively, no, perhaps it is four equations, each measured across different points.

Alternatively, perhaps each measurement is a single point of data.

Wait, let's consider that.

If we have 12 points, each with an x-coordinate, but these points are in a 4-dimensional space? Wait, no, if we have 12 points, each would have 4 coordinates, unless we project them into a space where x is a single coordinate.

Wait, but if each point is a 4-dimensional vector, and then we have 12 such vectors, and we are facing 4 measurements.

Wait, perhaps the system is built such that each measurement corresponds to one of the four coordinates, but only four measurements.

Wait, the user is complaining that the system, which is 12×12, is being presented as 4×4.

Alternatively, in the 4-dimensional system with 12x12, perhaps the first 4 measurements, the next 4, etc.

Wait, perhaps the system is presented as 4x4 with each 4x4 block being a time measurement.

Alternatively, perhaps the coordinates of each point are in the 4×4 system.

Alternatively, perhaps the position x is being measured, and the four times l, d, n, x are being measured.

So, perhaps it is 4 equations with 12 variables, but the user is presenting this as a 4x4 matrix.

Alternatively, perhaps the problem is that given the vector v = (x, l, d, n), and the system is built so that when we have 4 measurements, we can form a matrix M, and then the system is rank-deficient, but in our case, if 4 measurements, it's full rank.

Wait, actually, in such systems, we can have a matrix where each equation is a measurement.

But I think the problem is to recover the position x.

Wait, perhaps we have a system where x is being measured through four measurements, but each measurement provides a linear equation.

Perhaps the first equation is x = l, the next is x = d, then x =n, and last x =x.

Wait, but then only x = l, x =d, x =n, but if all four are equal, then x = l.

Alternatively, if the system is l + d +n +x =1, and x is the location.

Wait, but in that case, if l, d, n, x are known, x can be solved.

Alternatively, but in the image, the first is l, second is d, third is n, fourth is x.

Wait, perhaps the system is an overdetermined system, which is rank-deficient, so to get a unique solution, we need to perform some kind of optimization.

Wait, to get x, perhaps, as in solving for x given some constraints.

Wait, but in the problem statement, it says, ""the system is 12×12"" and ""it's unsolvable,"" but in aim, we are presented with a 4×4 matrix.

Wait, perhaps I need to think as the 4x4 matrix is built from 12x12 data.

Alternatively, perhaps it's to model the DFT as the matrix.

Wait, getting too lost.

Alternatively, perhaps I just need to set l, d, n, x so that they sum up to 1, from the DFT equations.

Wait, but in the frequency domain, X(k) = l + d + n + x.

But when you compute the Inverse DFT, for k=0: l + d +n +x =4*(...?), but in any case, perhaps l +d +n +x should be 4 times the DC component.

Wait, maybe the DC component is l, d, n, x.

Wait, yes, the DC component in DFT is sum of all elements.

So, DC component is X(0) = l +d +n +x.

Similarly, for other frequencies, X(1), X(2), X(3) are the DFT of the a sequence shifted by 1, 2, 3.

Thus, in order to not use these shifted components, we have to reconstruct the original vector through inverse DFT.

But perhaps in this case, we have to get the x from the DC component.

But in order to compute the x from all these, we have to solve certain equations.

So, but how to get the x.

Moreover, for complex DFT or something?

Wait, perhaps the system assumes all variables are real, so X(k) are real numbers.

In that case, the DFT is real, so X(k) = conjugate(X(k)), so for k≠0, X(k) must be real.

Which is true because l, d, n, x are real numbers, so their DFT is real only if certain symmetries.

But since we are taking a linear combination.

Wait, but perhaps it's going the other way.

In any case, given X(k) = l +d +n +x, and for non-zero k=1,2,3:

But X(1) = l -x i -n +x i

Wait, but perhaps in original DFT:

Wait, perhaps X(0) = l + d + n + x,

X(1) = l - d - n + x,

X(2) = -l + d - n - x,

X(3) = l + d - n - x.

No, wait, maybe.

Hold on, my confusion earlier.

Let me compute X(0), X(1), X(2), X(3).

From the original formula,

For a0 = l, a1 = d, a2 = n, a3 = x,

Then,

X(0) = a0 + a1 + a2 + a3 = l + d + n + x,

X(1) = a0 + a1 ω^{-1} + a2 ω^{-2} + a3 ω^{-3},

Compute ω^{-1} = e^{-π i /2} = -i,

ω^{-2} = e^{-π i } = -1,

ω^{-3} = e^{-3π i /2} = i,

Thus,

X(1) = l + d*(-i) + n*(-1) +x*(i) = l - di -n + xi,

Similarly,

X(2) = a0 + a1 ω^{-2} +a2 ω^{-4} +a3 ω^{-6}.

But ω^{-4} is ω^{0} =1,

ω^{-6} is ω^{ -6 mod4}= ω^{-6+8}=ω^{2}=e^{2π i(-)}= Wait, no: 6 mod4=2.

Thus,

X(2) =l + d*(-1)+n*(1)+x*(-i)=l -d +n -xi,

Similarly,

X(3) =a0 + a1 ω^{-3} + a2 ω^{-6} + a3 ω^{-9},

Which is,

= l +d*(i) +n*(-1) + x*(-i) = l + di -n -xi,

So, that defines all four frequency components.

Thus, in order to retrieve the x, l, d, n we need to invert this system.

But then, if we take the system as [X(0), X(1) + X(3), X(2) - X(3)],

But perhaps it's not useful.

Alternatively, to get l= ?

Wait, the equations are:

X(0) = l + d + n + x,

X(1) = l -d -n +x,

X(2) = -l +d -n -x,

X(3) = l +d -n -x.

So, if we consider subtracting and adding these equations to isolate each variable.

For example, if we add X(0) and X(1):

X(0) + X(1) = 2l - n + 2x.

But that includes an n which is not of interest.

Similarly, if we add all four equations:

X(0) + X(1) + X(2) + X(3) = 4l - 2n.

Hmm, that's getting complicated.

Alternatively, I can define a system.

Let me label.

Equation1: l + d + n + x = X(0),

Equation2: l -d -n + x = X(1),

Equation3: -l +d -n -x = X(2),

Equation4: l +d -n -x = X(3).

So, four equations.

Let me try solving these.

Let me denote variables as l, d, n, x.

I can write them:

Equation1: l + d + n + x = X0,

Equation2: l - d - n + x = X1,

Equation3: -l + d - n -x = X2,

Equation4: l + d - n -x = X3.

Let me write Equation1 - Equation2:

(l + d + n +x) - (l - d -n +x) = X0 - X1

Which is: 2d + 2n = X0 - X1,

So, d + n = (X0 - X1)/2, let's call that A.

Similarly, Equation2 - Equation1:

(l - d -n +x) - (l + d +n +x) = X1 - X0

-2d - 2n = X1 - X0,

Which is, d + n = (X0 - X1)/2 as before.

So, that is consistent.

Similarly, now, equation1 + equation3.

(l + d + n +x) + (-l +d -n -x) = X0 + X2,

Which is: 2d = X0 + X2,

Therefore, d = (X0 + X2)/2, let's call that B.

Similarly, equation1 + equation4:

(l + d + n +x) + (l + d -n -x) = X0 + X3,

Which is: 2l + 2d = X0 + X3,

Thus, l + d = (X0 +X3)/2,

But since d is (X0 +X2)/2, so plugging in,

( (X0 +X2)/2 + (X0 +X3)/2 ) = (X0 + X2 + X0 +X3)/2 = (2X0 +X2 + X3)/2,

Thus, l = (2X0 +X2 +X3)/2 - (X0 +X2)/2,

Which is (2X0 +X2 +X3 -X0 -X2)/2 = (X0 + X3)/2,

So, l = (X0 + X3)/2, let's call that C.

Similarly, d = (X0 + X2)/2, as above,

From equation1: l + d +n +x =X0,

So, n is X0 - l -d -x,

But we have l and d, so n = X0 - (X0 + X3)/2 - (X0 + X2)/2 -x,

Compute:

= X0 - ( (X0 + X3) + (X0 + X2) ) /2 - x,

= (2X0 - (2X0 + X2 + X3))/2 -x,

= ( -X2 - X3 ) /2 -x,

= - (X2 + X3)/2 -x,

Hmm, a bit complicated. Maybe not necessary.

Alternatively, since we have d = (X0 + X2)/2, n = ?

n is from equation3 or equation2.

From equation3: -l +d -n -x = X2,

Plugging in l = (X0 + X3)/2, d = (X0 + X2)/2,

We get: - (X0 + X3)/2 + (X0 + X2)/2 -n -x = X2,

Which simplifies,

Left side:

- (X0 + X3)/2 + (X0 + X2)/2 -n -x,

= (-X0 - X3 +X0 +X2 ) /2 -n -x,

= (X2 - X3)/2 -n -x = X",True,True,1954,4096
